Entity,Code,Year,"Literacy rate, adult total (% of people ages 15 and above)"
Afghanistan,AFG,1979,18.15768051147461
Afghanistan,AFG,2011,31.448850631713867
Afghanistan,AFG,2021,37.26604080200195
Albania,ALB,2001,98.71298217773438
Albania,ALB,2008,95.93863677978516
Albania,ALB,2011,96.84529876708984
Albania,ALB,2012,97.2469711303711
Albania,ALB,2018,98.14115142822266
Algeria,DZA,1987,49.63087844848633
Algeria,DZA,2002,69.87349700927734
Algeria,DZA,2006,72.648681640625
Algeria,DZA,2008,75.13604736328125
Algeria,DZA,2018,81.4078369140625
American Samoa,ASM,1980,97.34416198730469
Angola,AGO,2001,67.4054183959961
Angola,AGO,2014,66.03011322021484
Antigua and Barbuda,ATG,2001,98.94999694824219
Antigua and Barbuda,ATG,2011,98.94999694824219
Antigua and Barbuda,ATG,2015,98.94999694824219
Argentina,ARG,1980,93.91285705566406
Argentina,ARG,1991,96.04071807861328
Argentina,ARG,2001,97.19331359863281
Argentina,ARG,2006,98.61080169677734
Argentina,ARG,2009,98.9834213256836
Argentina,ARG,2010,98.95497131347656
Argentina,ARG,2011,99.10832977294922
Argentina,ARG,2012,99.10523223876953
Argentina,ARG,2013,99.1219482421875
Argentina,ARG,2014,98.99388885498047
Argentina,ARG,2015,99.17996215820312
Argentina,ARG,2016,99.12500762939453
Argentina,ARG,2018,99.00386810302734
Armenia,ARM,1989,98.75196075439453
Armenia,ARM,2001,99.40016174316406
Armenia,ARM,2011,99.7444076538086
Armenia,ARM,2017,99.73606872558594
Armenia,ARM,2020,99.78861236572266
Aruba,ABW,2000,97.29125213623047
Aruba,ABW,2010,96.82263946533203
Aruba,ABW,2018,97.80741882324219
Azerbaijan,AZE,1999,98.79180145263672
Azerbaijan,AZE,2007,99.59319305419922
Azerbaijan,AZE,2009,99.75984191894531
Azerbaijan,AZE,2010,99.7711410522461
Azerbaijan,AZE,2011,99.77863311767578
Azerbaijan,AZE,2012,99.77577209472656
Azerbaijan,AZE,2013,99.78936004638672
Azerbaijan,AZE,2014,99.78898620605469
Azerbaijan,AZE,2015,99.7880630493164
Azerbaijan,AZE,2016,99.7900619506836
Azerbaijan,AZE,2017,99.79122924804688
Azerbaijan,AZE,2019,99.79598236083984
Bahrain,BHR,1981,69.75350952148438
Bahrain,BHR,1991,84.01383209228516
Bahrain,BHR,2001,86.54873657226562
Bahrain,BHR,2010,90.97740173339844
Bangladesh,BGD,1981,29.227230072021484
Bangladesh,BGD,1991,35.31930160522461
Bangladesh,BGD,2001,47.48550033569336
Bangladesh,BGD,2007,46.66360092163086
Bangladesh,BGD,2011,58.76918029785156
Bangladesh,BGD,2012,57.860748291015625
Bangladesh,BGD,2013,61.015541076660156
Bangladesh,BGD,2014,61.093299865722656
Bangladesh,BGD,2015,65.1373291015625
Bangladesh,BGD,2016,72.75872039794922
Bangladesh,BGD,2017,72.8929672241211
Bangladesh,BGD,2018,73.91220092773438
Bangladesh,BGD,2019,74.68446350097656
Bangladesh,BGD,2020,74.90889739990234
Barbados,BRB,1970,99.26808166503906
Barbados,BRB,1984,99.5999984741211
Barbados,BRB,1994,99.5999984741211
Barbados,BRB,2004,99.5999984741211
Barbados,BRB,2014,99.5999984741211
Belarus,BLR,1989,97.88336944580078
Belarus,BLR,1999,99.59072875976562
Belarus,BLR,2009,99.61705780029297
Belarus,BLR,2019,99.8740005493164
Belize,BLZ,1991,70.29842376708984
Belize,BLZ,2000,76.9029769897461
Benin,BEN,1979,16.482730865478516
Benin,BEN,1992,27.24517059326172
Benin,BEN,2002,34.6578483581543
Benin,BEN,2006,28.702110290527344
Benin,BEN,2012,32.94881820678711
Benin,BEN,2018,42.36240005493164
Bhutan,BTN,2005,52.81468963623047
Bhutan,BTN,2012,55.31755828857422
Bhutan,BTN,2017,66.56114959716797
Bolivia,BOL,1976,63.20814895629883
Bolivia,BOL,1992,79.99176788330078
Bolivia,BOL,2001,86.72367095947266
Bolivia,BOL,2007,90.74346923828125
Bolivia,BOL,2008,90.69811248779297
Bolivia,BOL,2009,91.16783142089844
Bolivia,BOL,2011,92.22615051269531
Bolivia,BOL,2012,94.4605712890625
Bolivia,BOL,2015,92.455078125
Bosnia and Herzegovina,BIH,1991,89.06359100341797
Bosnia and Herzegovina,BIH,2000,96.66310119628906
Bosnia and Herzegovina,BIH,2011,98.14203643798828
Bosnia and Herzegovina,BIH,2013,96.99176788330078
Botswana,BWA,1991,68.5809097290039
Botswana,BWA,2003,81.18871307373047
Botswana,BWA,2013,86.82318115234375
Brazil,BRA,1980,74.58673095703125
Brazil,BRA,2000,86.36788177490234
Brazil,BRA,2004,88.61624145507812
Brazil,BRA,2006,89.61522674560547
Brazil,BRA,2007,90.00936889648438
Brazil,BRA,2008,90.03662109375
Brazil,BRA,2009,90.29821014404297
Brazil,BRA,2010,90.37918090820312
Brazil,BRA,2011,91.41123962402344
Brazil,BRA,2012,91.33785247802734
Brazil,BRA,2013,91.48423767089844
Brazil,BRA,2014,91.72943115234375
Brazil,BRA,2015,92.04789733886719
Brazil,BRA,2016,92.80844116210938
Brazil,BRA,2017,93.07582092285156
Brazil,BRA,2018,93.22750091552734
Brunei,BRN,1981,77.7354965209961
Brunei,BRN,1991,87.8041763305664
Brunei,BRN,2001,92.67112731933594
Brunei,BRN,2011,96.08556365966797
Brunei,BRN,2018,97.214111328125
Bulgaria,BGR,2001,98.20355987548828
Bulgaria,BGR,2011,98.35244750976562
Burkina Faso,BFA,1975,8.830229759216309
Burkina Faso,BFA,1991,13.569230079650879
Burkina Faso,BFA,1996,12.848170280456543
Burkina Faso,BFA,2003,21.822919845581055
Burkina Faso,BFA,2005,23.522199630737305
Burkina Faso,BFA,2006,22.472579956054688
Burkina Faso,BFA,2007,28.293659210205078
Burkina Faso,BFA,2014,34.59939956665039
Burkina Faso,BFA,2018,39.34585189819336
Burundi,BDI,1979,22.5085506439209
Burundi,BDI,1990,37.38471984863281
Burundi,BDI,2000,59.303619384765625
Burundi,BDI,2008,48.08406066894531
Burundi,BDI,2014,61.51348876953125
Burundi,BDI,2017,68.37532806396484
Cambodia,KHM,1998,67.33502960205078
Cambodia,KHM,2004,73.60994720458984
Cambodia,KHM,2008,76.87129211425781
Cambodia,KHM,2009,76.1379623413086
Cambodia,KHM,2014,78.05509185791016
Cambodia,KHM,2015,80.5264892578125
Cameroon,CMR,1976,41.216209411621094
Cameroon,CMR,2000,68.4091567993164
Cameroon,CMR,2007,70.67993927001953
Cameroon,CMR,2010,71.29051208496094
Cameroon,CMR,2018,77.07103729248047
Cape Verde,CPV,1990,62.79685974121094
Cape Verde,CPV,2000,76.11044311523438
Cape Verde,CPV,2012,85.32778930664062
Cape Verde,CPV,2015,86.79029083251953
Cayman Islands,CYM,2007,98.8678207397461
Central African Republic,CAF,1975,18.236169815063477
Central African Republic,CAF,1988,33.624420166015625
Central African Republic,CAF,2000,50.64516830444336
Central African Republic,CAF,2010,36.75260925292969
Central African Republic,CAF,2018,37.39582061767578
Chad,TCD,1993,10.89465045928955
Chad,TCD,2000,25.65420913696289
Chad,TCD,2004,28.38142967224121
Chad,TCD,2015,26.00299072265625
Chad,TCD,2016,22.31155014038086
Chile,CHL,1982,91.12840270996094
Chile,CHL,1992,94.2911376953125
Chile,CHL,2002,95.71662139892578
Chile,CHL,2008,97.72245025634766
Chile,CHL,2009,97.66423034667969
Chile,CHL,2011,96.70301055908203
Chile,CHL,2013,96.26705932617188
Chile,CHL,2015,96.87413024902344
Chile,CHL,2017,96.40228271484375
China,CHN,1982,65.50508880615234
China,CHN,1990,77.7850570678711
China,CHN,2000,90.92021179199219
China,CHN,2010,95.12448120117188
China,CHN,2018,96.84088897705078
Colombia,COL,1993,91.0630874633789
Colombia,COL,1996,91.20716094970703
Colombia,COL,2004,92.80377960205078
Colombia,COL,2005,92.84866333007812
Colombia,COL,2006,92.2996826171875
Colombia,COL,2007,92.65178680419922
Colombia,COL,2008,93.37818145751953
Colombia,COL,2009,93.24468994140625
Colombia,COL,2010,93.37232971191406
Colombia,COL,2011,93.58052825927734
Colombia,COL,2014,94.18624877929688
Colombia,COL,2015,94.24504852294922
Colombia,COL,2016,94.65384674072266
Colombia,COL,2018,95.0925064086914
Colombia,COL,2019,95.249267578125
Colombia,COL,2020,95.6363296508789
Comoros,COM,1980,47.91923141479492
Comoros,COM,2000,68.48922729492188
Comoros,COM,2012,49.19614028930664
Comoros,COM,2018,58.817020416259766
Congo,COG,1984,59.61912155151367
Congo,COG,2005,76.11479187011719
Congo,COG,2011,79.31117248535156
Congo,COG,2018,80.29875946044922
Costa Rica,CRI,1984,92.62904357910156
Costa Rica,CRI,2000,94.8681869506836
Costa Rica,CRI,2011,97.40657806396484
Costa Rica,CRI,2018,97.8637924194336
Cote d'Ivoire,CIV,1988,34.139278411865234
Cote d'Ivoire,CIV,1998,36.35023880004883
Cote d'Ivoire,CIV,2000,48.740760803222656
Cote d'Ivoire,CIV,2012,40.98162841796875
Cote d'Ivoire,CIV,2014,43.90842056274414
Cote d'Ivoire,CIV,2019,89.89341735839844
Croatia,HRV,1991,96.70155334472656
Croatia,HRV,2001,98.14668273925781
Croatia,HRV,2011,99.12535858154297
Cuba,CUB,1981,97.84664916992188
Cuba,CUB,2002,99.799072265625
Cuba,CUB,2012,99.75253295898438
Cyprus,CYP,1992,94.36247253417969
Cyprus,CYP,2001,96.80362701416016
Cyprus,CYP,2011,98.67842864990234
Democratic Republic of Congo,COD,2001,67.17298889160156
Democratic Republic of Congo,COD,2007,61.20555114746094
Democratic Republic of Congo,COD,2012,75.0171890258789
Democratic Republic of Congo,COD,2016,77.04267883300781
Dominican Republic,DOM,1981,73.06456756591797
Dominican Republic,DOM,2002,86.99646759033203
Dominican Republic,DOM,2007,88.24446105957031
Dominican Republic,DOM,2010,89.53872680664062
Dominican Republic,DOM,2011,90.10637664794922
Dominican Republic,DOM,2012,90.15518188476562
Dominican Republic,DOM,2013,90.85814666748047
Dominican Republic,DOM,2014,91.76376342773438
Dominican Republic,DOM,2015,91.9912109375
Dominican Republic,DOM,2016,93.77845764160156
East Asia and Pacific,,1976,65.94049072265625
East Asia and Pacific,,1977,66.13179016113281
East Asia and Pacific,,1978,67.1467514038086
East Asia and Pacific,,1979,68.14903259277344
East Asia and Pacific,,1980,68.64389038085938
East Asia and Pacific,,1981,70.21549224853516
East Asia and Pacific,,1982,70.95320892333984
East Asia and Pacific,,1983,72.1205825805664
East Asia and Pacific,,1984,73.06336212158203
East Asia and Pacific,,1985,73.9693374633789
East Asia and Pacific,,1986,74.76786804199219
East Asia and Pacific,,1987,75.94204711914062
East Asia and Pacific,,1988,79.8541030883789
East Asia and Pacific,,1989,80.50235748291016
East Asia and Pacific,,1990,80.41243743896484
East Asia and Pacific,,1991,81.63424682617188
East Asia and Pacific,,1992,82.16195678710938
East Asia and Pacific,,1993,82.6443099975586
East Asia and Pacific,,1994,83.21573638916016
East Asia and Pacific,,1995,83.7791519165039
East Asia and Pacific,,1996,84.27192687988281
East Asia and Pacific,,1997,89.32095336914062
East Asia and Pacific,,1998,89.67198944091797
East Asia and Pacific,,1999,90.02174377441406
East Asia and Pacific,,2000,90.31385040283203
East Asia and Pacific,,2001,90.7394790649414
East Asia and Pacific,,2002,91.12373352050781
East Asia and Pacific,,2003,91.5148696899414
East Asia and Pacific,,2004,91.86685180664062
East Asia and Pacific,,2005,92.24868774414062
East Asia and Pacific,,2006,92.67111206054688
East Asia and Pacific,,2007,93.66002655029297
East Asia and Pacific,,2008,93.92568969726562
East Asia and Pacific,,2009,94.24691009521484
East Asia and Pacific,,2010,94.26799011230469
East Asia and Pacific,,2011,94.07524108886719
East Asia and Pacific,,2012,94.31336212158203
East Asia and Pacific,,2013,94.42037200927734
East Asia and Pacific,,2014,94.91773223876953
East Asia and Pacific,,2015,95.13826751708984
East Asia and Pacific,,2016,95.27538299560547
East Asia and Pacific,,2017,95.47142791748047
East Asia and Pacific,,2018,95.62532043457031
East Asia and Pacific,,2019,95.77400970458984
East Asia and Pacific,,2020,95.91979217529297
Ecuador,ECU,1982,83.55268859863281
Ecuador,ECU,1990,88.29875946044922
Ecuador,ECU,2001,90.9840316772461
Ecuador,ECU,2007,92.09678649902344
Ecuador,ECU,2008,92.39005279541016
Ecuador,ECU,2009,92.24976348876953
Ecuador,ECU,2010,91.85404205322266
Ecuador,ECU,2011,91.58689880371094
Ecuador,ECU,2012,92.06472778320312
Ecuador,ECU,2013,93.29463195800781
Ecuador,ECU,2014,94.22264099121094
Ecuador,ECU,2015,94.45565795898438
Ecuador,ECU,2016,94.35022735595703
Ecuador,ECU,2017,92.82978820800781
Ecuador,ECU,2020,93.6260986328125
Egypt,EGY,1976,38.19675827026367
Egypt,EGY,1986,44.423988342285156
Egypt,EGY,1996,55.58700180053711
Egypt,EGY,2005,67.33187103271484
Egypt,EGY,2006,66.36991119384766
Egypt,EGY,2010,72.0478515625
Egypt,EGY,2012,73.86559295654297
Egypt,EGY,2013,72.44249725341797
Egypt,EGY,2017,71.16825103759766
El Salvador,SLV,1992,74.14315795898438
El Salvador,SLV,2006,83.55946350097656
El Salvador,SLV,2007,82.02863311767578
El Salvador,SLV,2008,83.95130157470703
El Salvador,SLV,2009,84.10289001464844
El Salvador,SLV,2010,84.49272155761719
El Salvador,SLV,2011,85.49398803710938
El Salvador,SLV,2013,86.767578125
El Salvador,SLV,2015,87.9698486328125
El Salvador,SLV,2016,88.14176940917969
El Salvador,SLV,2017,88.48271179199219
El Salvador,SLV,2018,89.00859832763672
El Salvador,SLV,2019,89.1379165649414
Equatorial Guinea,GNQ,2000,88.30829620361328
Equatorial Guinea,GNQ,2010,94.37053680419922
Eritrea,ERI,2002,52.51395034790039
Eritrea,ERI,2008,64.66297149658203
Eritrea,ERI,2018,76.57051849365234
Estonia,EST,1989,99.7264404296875
Estonia,EST,2000,99.76719665527344
Estonia,EST,2011,99.88578796386719
Eswatini,SWZ,1976,55.32503890991211
Eswatini,SWZ,1986,67.2393798828125
Eswatini,SWZ,2000,81.66069793701172
Eswatini,SWZ,2010,83.0982894897461
Eswatini,SWZ,2018,88.41938018798828
Ethiopia,ETH,1994,27.011350631713867
Ethiopia,ETH,2004,35.900001525878906
Ethiopia,ETH,2005,29.82033920288086
Ethiopia,ETH,2007,38.99597930908203
Ethiopia,ETH,2017,51.77117919921875
Europe and Central Asia,,1994,95.67233276367188
Europe and Central Asia,,1995,95.81139373779297
Europe and Central Asia,,1996,95.97293853759766
Europe and Central Asia,,1997,96.09912872314453
Europe and Central Asia,,1998,96.24655151367188
Europe and Central Asia,,1999,96.3609390258789
Europe and Central Asia,,2000,96.42076110839844
Europe and Central Asia,,2001,96.51696014404297
Europe and Central Asia,,2002,96.69612121582031
Europe and Central Asia,,2003,96.79019927978516
Europe and Central Asia,,2004,96.91914367675781
Europe and Central Asia,,2005,96.92446899414062
Europe and Central Asia,,2006,97.07691192626953
Europe and Central Asia,,2007,97.08747100830078
Europe and Central Asia,,2008,97.2470703125
Europe and Central Asia,,2009,97.41752624511719
Europe and Central Asia,,2010,97.58094787597656
Europe and Central Asia,,2011,97.8936767578125
Europe and Central Asia,,2012,97.99822235107422
Europe and Central Asia,,2013,98.06864166259766
Europe and Central Asia,,2014,98.11634826660156
Europe and Central Asia,,2015,98.16487121582031
Europe and Central Asia,,2016,98.25479125976562
Europe and Central Asia,,2017,98.27191925048828
Europe and Central Asia,,2018,98.3335189819336
Europe and Central Asia,,2019,98.37896728515625
Europe and Central Asia,,2020,98.42828369140625
Gabon,GAB,1993,72.23367309570312
Gabon,GAB,2012,82.28379821777344
Gabon,GAB,2018,84.66716003417969
Gambia,GMB,2000,36.81772994995117
Gambia,GMB,2013,41.950050354003906
Gambia,GMB,2015,50.77796936035156
Georgia,GEO,2002,99.65235137939453
Georgia,GEO,2014,99.58618927001953
Georgia,GEO,2017,99.3642578125
Georgia,GEO,2019,99.55844116210938
Ghana,GHA,2000,57.89746856689453
Ghana,GHA,2010,71.4970703125
Ghana,GHA,2018,79.03964233398438
Greece,GRC,1981,90.51232147216797
Greece,GRC,1991,92.6104507446289
Greece,GRC,2001,95.9943618774414
Greece,GRC,2005,93.0443115234375
Greece,GRC,2007,93.93154907226562
Greece,GRC,2009,93.90511322021484
Greece,GRC,2011,97.36873626708984
Greece,GRC,2018,97.93595123291016
Grenada,GRD,1970,97.79447174072266
Grenada,GRD,1984,98.5999984741211
Grenada,GRD,1994,98.5999984741211
Grenada,GRD,2004,98.5999984741211
Grenada,GRD,2014,98.5999984741211
Guam,GUM,1980,96.42064666748047
Guam,GUM,1990,99.36914825439453
Guatemala,GTM,1994,64.21163940429688
Guatemala,GTM,2002,69.10173034667969
Guatemala,GTM,2012,78.26486206054688
Guatemala,GTM,2013,77.0386734008789
Guatemala,GTM,2014,81.28589630126953
Guatemala,GTM,2018,80.81067657470703
Guinea,GIN,1996,20.553749084472656
Guinea,GIN,2003,29.70401954650879
Guinea,GIN,2010,25.3077392578125
Guinea,GIN,2014,32.003841400146484
Guinea,GIN,2018,39.617679595947266
Guinea-Bissau,GNB,1979,19.958250045776367
Guinea-Bissau,GNB,2000,41.35776901245117
Guinea-Bissau,GNB,2014,45.58116149902344
Guyana,GUY,2009,84.99401092529297
Guyana,GUY,2014,85.63973236083984
Haiti,HTI,1982,34.73469161987305
Haiti,HTI,2003,58.743900299072266
Haiti,HTI,2006,48.685020446777344
Haiti,HTI,2016,61.691349029541016
Honduras,HND,2001,80.01103210449219
Honduras,HND,2007,83.5889892578125
Honduras,HND,2010,84.75536346435547
Honduras,HND,2011,85.12329864501953
Honduras,HND,2012,85.35555267333984
Honduras,HND,2013,85.46441650390625
Honduras,HND,2014,87.1975326538086
Honduras,HND,2015,87.90682983398438
Honduras,HND,2016,88.98748016357422
Honduras,HND,2018,87.20523834228516
Honduras,HND,2019,88.50743103027344
Hungary,HUN,1980,98.85829162597656
Hungary,HUN,2014,99.0999984741211
India,IND,1981,40.76359176635742
India,IND,1991,48.222068786621094
India,IND,2001,61.01456069946289
India,IND,2006,62.75447082519531
India,IND,2011,69.30255889892578
India,IND,2018,74.37299346923828
Indonesia,IDN,1980,67.31266784667969
Indonesia,IDN,1990,81.51985168457031
Indonesia,IDN,2004,90.3847885131836
Indonesia,IDN,2006,91.98226928710938
Indonesia,IDN,2008,92.19229888916016
Indonesia,IDN,2009,92.58170318603516
Indonesia,IDN,2011,92.8119125366211
Indonesia,IDN,2014,95.11621856689453
Indonesia,IDN,2015,95.21793365478516
Indonesia,IDN,2016,95.37696838378906
Indonesia,IDN,2018,95.65856170654297
Indonesia,IDN,2020,95.99900817871094
Iran,IRN,1976,36.51839828491211
Iran,IRN,1986,52.319759368896484
Iran,IRN,1991,65.53140258789062
Iran,IRN,1996,73.06024932861328
Iran,IRN,2002,77
Iran,IRN,2005,82.44120025634766
Iran,IRN,2006,82.3313217163086
Iran,IRN,2008,82.9623031616211
Iran,IRN,2012,83.62599182128906
Iran,IRN,2013,84.62680053710938
Iran,IRN,2014,84.70523834228516
Iran,IRN,2016,85.54425048828125
Iraq,IRQ,2000,74.05220031738281
Iraq,IRQ,2012,77.19999694824219
Iraq,IRQ,2013,72.69999694824219
Iraq,IRQ,2014,82.19999694824219
Iraq,IRQ,2016,83.30000305175781
Iraq,IRQ,2017,85.5999984741211
Israel,ISR,1983,91.75141143798828
Italy,ITA,1981,96.46054077148438
Italy,ITA,2001,98.41661834716797
Italy,ITA,2011,98.84828186035156
Italy,ITA,2018,99.15576171875
Jamaica,JAM,1999,79.92012023925781
Jamaica,JAM,2014,88.0999984741211
Jordan,JOR,1979,66.79680633544922
Jordan,JOR,2003,89.89231872558594
Jordan,JOR,2005,91.13075256347656
Jordan,JOR,2007,92.19957733154297
Jordan,JOR,2010,92.55104064941406
Jordan,JOR,2011,95.90444946289062
Jordan,JOR,2012,97.89031982421875
Jordan,JOR,2018,98.22711181640625
Kazakhstan,KAZ,1989,97.52938079833984
Kazakhstan,KAZ,1999,99.51265716552734
Kazakhstan,KAZ,2009,99.73240661621094
Kazakhstan,KAZ,2010,99.78163146972656
Kazakhstan,KAZ,2018,99.78163146972656
Kenya,KEN,2000,82.22908020019531
Kenya,KEN,2007,72.15702819824219
Kenya,KEN,2014,78.73303985595703
Kenya,KEN,2018,81.53497314453125
Kuwait,KWT,1975,59.564388275146484
Kuwait,KWT,1980,67.51766204833984
Kuwait,KWT,1985,74.4908676147461
Kuwait,KWT,1995,78.39550018310547
Kuwait,KWT,2005,93.27445983886719
Kuwait,KWT,2006,93.28211975097656
Kuwait,KWT,2007,93.66419219970703
Kuwait,KWT,2008,93.89830017089844
Kuwait,KWT,2010,94.46900939941406
Kuwait,KWT,2012,95.51316833496094
Kuwait,KWT,2013,95.58582305908203
Kuwait,KWT,2015,95.6854476928711
Kuwait,KWT,2017,96.03594970703125
Kuwait,KWT,2018,96.05647277832031
Kuwait,KWT,2020,96.4575424194336
Kyrgyzstan,KGZ,1999,98.70160675048828
Kyrgyzstan,KGZ,2009,99.2434310913086
Kyrgyzstan,KGZ,2018,99.58599853515625
Laos,LAO,1995,60.2513313293457
Laos,LAO,2000,69.58312225341797
Laos,LAO,2001,68.73439025878906
Laos,LAO,2005,72.70226287841797
Laos,LAO,2011,58.287940979003906
Laos,LAO,2015,84.66104125976562
Latin America and Caribbean,,1974,78.8258285522461
Latin America and Caribbean,,1975,78.821533203125
Latin America and Caribbean,,1976,79.1520767211914
Latin America and Caribbean,,1977,79.54252624511719
Latin America and Caribbean,,1978,79.9649887084961
Latin America and Caribbean,,1979,80.34639739990234
Latin America and Caribbean,,1980,80.6980972290039
Latin America and Caribbean,,1981,81.0715103149414
Latin America and Caribbean,,1982,81.43309783935547
Latin America and Caribbean,,1983,81.8172378540039
Latin America and Caribbean,,1984,82.17987823486328
Latin America and Caribbean,,1985,82.53241729736328
Latin America and Caribbean,,1986,82.87915802001953
Latin America and Caribbean,,1987,83.16143035888672
Latin America and Caribbean,,1988,83.64324188232422
Latin America and Caribbean,,1989,84.07833862304688
Latin America and Caribbean,,1990,84.4156723022461
Latin America and Caribbean,,1991,84.97976684570312
Latin America and Caribbean,,1992,85.5998306274414
Latin America and Caribbean,,1993,86.23312377929688
Latin America and Caribbean,,1994,86.79704284667969
Latin America and Caribbean,,1995,87.39913940429688
Latin America and Caribbean,,1996,87.7286605834961
Latin America and Caribbean,,1997,88.01811981201172
Latin America and Caribbean,,1998,88.49552154541016
Latin America and Caribbean,,1999,88.79009246826172
Latin America and Caribbean,,2000,89.03314971923828
Latin America and Caribbean,,2001,89.12870025634766
Latin America and Caribbean,,2002,89.23876190185547
Latin America and Caribbean,,2003,90.00466918945312
Latin America and Caribbean,,2004,89.98625183105469
Latin America and Caribbean,,2005,90.46388244628906
Latin America and Caribbean,,2006,90.47693634033203
Latin America and Caribbean,,2007,91.0505599975586
Latin America and Caribbean,,2008,91.28936767578125
Latin America and Caribbean,,2009,91.66851043701172
Latin America and Caribbean,,2010,91.64585876464844
Latin America and Caribbean,,2011,92.23796081542969
Latin America and Caribbean,,2012,92.4611587524414
Latin America and Caribbean,,2013,92.5070571899414
Latin America and Caribbean,,2014,92.94821166992188
Latin America and Caribbean,,2015,93.13275146484375
Latin America and Caribbean,,2016,93.59496307373047
Latin America and Caribbean,,2017,93.70874786376953
Latin America and Caribbean,,2018,93.86865997314453
Latin America and Caribbean,,2019,94.29450988769531
Latin America and Caribbean,,2020,94.45123291015625
Latvia,LVA,1989,99.45230102539062
Latvia,LVA,2000,99.74656677246094
Latvia,LVA,2011,99.8958969116211
Latvia,LVA,2018,99.88931274414062
Lebanon,LBN,2007,89.61244201660156
Lebanon,LBN,2009,91.18418884277344
Lebanon,LBN,2018,95.06944274902344
Lesotho,LSO,2000,86.25443267822266
Lesotho,LSO,2009,75.80020141601562
Lesotho,LSO,2014,76.63520050048828
Liberia,LBR,1984,32.10676956176758
Liberia,LBR,2007,42.941078186035156
Liberia,LBR,2017,48.301361083984375
Libya,LBY,1984,60.164390563964844
Libya,LBY,1994,76.5
Libya,LBY,2004,86.0999984741211
Lithuania,LTU,1989,98.44126892089844
Lithuania,LTU,2001,99.645751953125
Lithuania,LTU,2011,99.81559753417969
Low and middle income,,1975,59.01322937011719
Low and middle income,,1976,59.12675094604492
Low and middle income,,1977,59.41825866699219
Low and middle income,,1978,60.088741302490234
Low and middle income,,1979,60.73283004760742
Low and middle income,,1980,61.176361083984375
Low and middle income,,1981,61.92417907714844
Low and middle income,,1982,62.64305114746094
Low and middle income,,1983,63.39836120605469
Low and middle income,,1984,64.1364517211914
Low and middle income,,1985,64.80542755126953
Low and middle income,,1986,65.4190673828125
Low and middle income,,1987,66.1913833618164
Low and middle income,,1988,68.28392791748047
Low and middle income,,1989,68.85691833496094
Low and middle income,,1990,69.1624984741211
Low and middle income,,1991,69.88131713867188
Low and middle income,,1992,70.52454376220703
Low and middle income,,1993,71.07628631591797
Low and middle income,,1994,71.61344146728516
Low and middle income,,1995,72.13053131103516
Low and middle income,,1996,72.66348266601562
Low and middle income,,1997,75.21842956542969
Low and middle income,,1998,76.72505187988281
Low and middle income,,1999,77.137451171875
Low and middle income,,2000,77.31916046142578
Low and middle income,,2001,77.71520233154297
Low and middle income,,2002,78.1727523803711
Low and middle income,,2003,78.82447814941406
Low and middle income,,2004,79.33663940429688
Low and middle income,,2005,79.26995086669922
Low and middle income,,2006,79.54496002197266
Low and middle income,,2007,79.91947174072266
Low and middle income,,2008,80.50469970703125
Low and middle income,,2009,80.87705993652344
Low and middle income,,2010,81.4062271118164
Low and middle income,,2011,81.67244720458984
Low and middle income,,2012,82.20670318603516
Low and middle income,,2013,82.45152282714844
Low and middle income,,2014,82.93345642089844
Low and middle income,,2015,83.14720153808594
Low and middle income,,2016,83.68801879882812
Low and middle income,,2017,83.97683715820312
Low and middle income,,2018,84.00708770751953
Low and middle income,,2019,84.2930908203125
Low and middle income,,2020,84.54367065429688
Low income,,1988,45.92449951171875
Low income,,1989,46.36322021484375
Low income,,1990,46.81978988647461
Low income,,1991,46.98854064941406
Low income,,1992,47.13159942626953
Low income,,1993,47.34320068359375
Low income,,1994,47.79439163208008
Low income,,1995,47.983978271484375
Low income,,1996,48.35829162597656
Low income,,1997,49.102088928222656
Low income,,1998,49.76462936401367
Low income,,1999,50.34632873535156
Low income,,2000,50.64358901977539
Low income,,2001,51.44028854370117
Low income,,2002,52.09558868408203
Low income,,2003,52.57358932495117
Low income,,2004,54.101619720458984
Low income,,2005,53.38972091674805
Low income,,2006,51.52450942993164
Low income,,2007,52.864078521728516
Low income,,2008,53.29275131225586
Low income,,2009,53.79566955566406
Low income,,2010,54.252159118652344
Low income,,2011,56.160621643066406
Low income,,2012,56.632938385009766
Low income,,2013,57.62022018432617
Low income,,2014,58.02705001831055
Low income,,2015,58.580020904541016
Low income,,2016,59.2853889465332
Low income,,2017,60.10514831542969
Low income,,2018,60.49671173095703
Low income,,2019,60.95804977416992
Low income,,2020,61.368900299072266
Lower middle income,,1975,47.38412857055664
Lower middle income,,1976,47.45420837402344
Lower middle income,,1977,47.917579650878906
Lower middle income,,1978,48.39772033691406
Lower middle income,,1979,48.84952163696289
Lower middle income,,1980,49.31190872192383
Lower middle income,,1981,49.394718170166016
Lower middle income,,1982,50.24673843383789
Lower middle income,,1983,50.677581787109375
Lower middle income,,1984,51.2041015625
Lower middle income,,1985,51.73760986328125
Lower middle income,,1986,52.21242904663086
Lower middle income,,1987,52.989540100097656
Lower middle income,,1988,53.61399841308594
Lower middle income,,1989,54.276580810546875
Lower middle income,,1990,54.898590087890625
Lower middle income,,1991,55.362709045410156
Lower middle income,,1992,56.35734939575195
Lower middle income,,1993,57.121971130371094
Lower middle income,,1994,57.87044143676758
Lower middle income,,1995,58.57550811767578
Lower middle income,,1996,59.326011657714844
Lower middle income,,1997,59.988468170166016
Lower middle income,,1998,63.33613967895508
Lower middle income,,1999,63.98817825317383
Lower middle income,,2000,64.11306762695312
Lower middle income,,2001,64.61197662353516
Lower middle income,,2002,65.44853973388672
Lower middle income,,2003,66.37557220458984
Lower middle income,,2004,67.1263427734375
Lower middle income,,2005,66.75080871582031
Lower middle income,,2006,67.54707336425781
Lower middle income,,2007,67.33902740478516
Lower middle income,,2008,68.59632110595703
Lower middle income,,2009,69.2816162109375
Lower middle income,,2010,70.50018310546875
Lower middle income,,2011,70.71012115478516
Lower middle income,,2012,71.58627319335938
Lower middle income,,2013,72.10707092285156
Lower middle income,,2014,72.86357879638672
Lower middle income,,2015,73.63826751708984
Lower middle income,,2016,74.35328674316406
Lower middle income,,2017,75.00414276123047
Lower middle income,,2018,75.43163299560547
Lower middle income,,2019,75.96756744384766
Lower middle income,,2020,76.48845672607422
Macao,MAC,1981,90.37818145751953
Macao,MAC,2001,91.29537200927734
Macao,MAC,2006,93.49974822998047
Macao,MAC,2011,95.6400375366211
Macao,MAC,2016,96.53849029541016
Madagascar,MDG,2000,70.68617248535156
Madagascar,MDG,2005,58.93593978881836
Madagascar,MDG,2009,64.48091125488281
Madagascar,MDG,2012,71.57261657714844
Madagascar,MDG,2018,76.67967987060547
Malawi,MWI,1987,48.536651611328125
Malawi,MWI,1998,64.13424682617188
Malawi,MWI,2010,61.30971908569336
Malawi,MWI,2014,65.14537048339844
Malawi,MWI,2015,62.14353942871094
Malaysia,MYS,1980,69.51632690429688
Malaysia,MYS,1991,82.91536712646484
Malaysia,MYS,2000,88.68775939941406
Malaysia,MYS,2010,93.11788940429688
Malaysia,MYS,2016,94.88057708740234
Malaysia,MYS,2017,95.08264923095703
Malaysia,MYS,2018,94.85440826416016
Malaysia,MYS,2019,94.97113037109375
Maldives,MDV,1977,82.29995727539062
Maldives,MDV,1985,92.23004913330078
Maldives,MDV,1990,96.01825714111328
Maldives,MDV,1995,96.32649993896484
Maldives,MDV,2006,98.39790344238281
Maldives,MDV,2014,98.61012268066406
Maldives,MDV,2016,97.73494720458984
Mali,MLI,1976,9.433810234069824
Mali,MLI,1998,19.04496955871582
Mali,MLI,2003,24
Mali,MLI,2006,26.176549911499023
Mali,MLI,2010,31.099750518798828
Mali,MLI,2011,30.618669509887695
Mali,MLI,2015,33.06888961791992
Mali,MLI,2018,35.47377014160156
Mali,MLI,2020,30.761409759521484
Malta,MLT,1985,86.92984008789062
Malta,MLT,1995,87.86869812011719
Malta,MLT,2005,92.36309051513672
Malta,MLT,2011,93.30735778808594
Malta,MLT,2018,94.50318908691406
Marshall Islands,MHL,2011,98.26508331298828
Mauritania,MRT,2000,51.207679748535156
Mauritania,MRT,2007,45.503780364990234
Mauritania,MRT,2013,62.068748474121094
Mauritania,MRT,2017,53.497589111328125
Mauritius,MUS,1990,79.86865997314453
Mauritius,MUS,2000,84.30309295654297
Mauritius,MUS,2011,89.24983978271484
Mauritius,MUS,2012,91.76600646972656
Mauritius,MUS,2013,91.49002838134766
Mauritius,MUS,2014,92.47476196289062
Mauritius,MUS,2015,92.70760345458984
Mauritius,MUS,2016,93.1578369140625
Mauritius,MUS,2018,91.32539367675781
Mexico,MEX,1980,82.98924255371094
Mexico,MEX,1990,87.55615234375
Mexico,MEX,2000,90.5356216430664
Mexico,MEX,2002,90.27465057373047
Mexico,MEX,2004,90.95374298095703
Mexico,MEX,2005,91.6302719116211
Mexico,MEX,2006,91.7345199584961
Mexico,MEX,2007,92.79517364501953
Mexico,MEX,2008,92.92559814453125
Mexico,MEX,2009,93.44187927246094
Mexico,MEX,2010,93.06893920898438
Mexico,MEX,2011,93.51998138427734
Mexico,MEX,2012,94.22840118408203
Mexico,MEX,2013,93.96285247802734
Mexico,MEX,2014,94.55587768554688
Mexico,MEX,2015,94.47228240966797
Mexico,MEX,2016,94.859619140625
Mexico,MEX,2017,94.9727783203125
Mexico,MEX,2018,95.37991333007812
Mexico,MEX,2020,95.24784851074219
Middle East and North Africa,,1973,42.932308197021484
Middle East and North Africa,,1974,43.4279899597168
Middle East and North Africa,,1975,43.9563102722168
Middle East and North Africa,,1976,44.48236846923828
Middle East and North Africa,,1977,45.08251953125
Middle East and North Africa,,1978,45.76530075073242
Middle East and North Africa,,1979,46.47703170776367
Middle East and North Africa,,1980,47.24604034423828
Middle East and North Africa,,1981,47.99848937988281
Middle East and North Africa,,1982,48.79439163208008
Middle East and North Africa,,1983,49.529781341552734
Middle East and North Africa,,1984,50.49351119995117
Middle East and North Africa,,1985,51.47774124145508
Middle East and North Africa,,1986,52.557369232177734
Middle East and North Africa,,1987,53.33327102661133
Middle East and North Africa,,1988,54.454471588134766
Middle East and North Africa,,1989,55.506160736083984
Middle East and North Africa,,1990,57.93724060058594
Middle East and North Africa,,1991,59.19150161743164
Middle East and North Africa,,1992,60.19419860839844
Middle East and North Africa,,1993,61.0626106262207
Middle East and North Africa,,1994,62.03443145751953
Middle East and North Africa,,1995,63.54452133178711
Middle East and North Africa,,1996,64.88459777832031
Middle East and North Africa,,1997,65.82185363769531
Middle East and North Africa,,1998,67.02439880371094
Middle East and North Africa,,1999,68.09252166748047
Middle East and North Africa,,2000,69.10521697998047
Middle East and North Africa,,2001,70.23477172851562
Middle East and North Africa,,2002,70.68380737304688
Middle East and North Africa,,2003,73.94261169433594
Middle East and North Africa,,2004,74.8511962890625
Middle East and North Africa,,2005,74.43711853027344
Middle East and North Africa,,2006,74.57665252685547
Middle East and North Africa,,2007,75.07904052734375
Middle East and North Africa,,2008,75.76853942871094
Middle East and North Africa,,2009,75.6679916381836
Middle East and North Africa,,2010,76.48091888427734
Middle East and North Africa,,2011,77.26802062988281
Middle East and North Africa,,2012,79.8938217163086
Middle East and North Africa,,2013,79.69486236572266
Middle East and North Africa,,2014,81.14234161376953
Middle East and North Africa,,2015,79.43242645263672
Middle East and North Africa,,2016,80.45519256591797
Middle East and North Africa,,2017,81.52539825439453
Middle East and North Africa,,2018,78.98143005371094
Middle East and North Africa,,2019,79.31014251708984
Middle East and North Africa,,2020,79.648681640625
Middle income,,1975,60.176639556884766
Middle income,,1976,60.281150817871094
Middle income,,1977,60.57225036621094
Middle income,,1978,61.26729965209961
Middle income,,1979,61.933719635009766
Middle income,,1980,62.380531311035156
Middle income,,1981,63.14168930053711
Middle income,,1982,63.874820709228516
Middle income,,1983,64.64515686035156
Middle income,,1984,65.39988708496094
Middle income,,1985,66.0823974609375
Middle income,,1986,66.712890625
Middle income,,1987,67.50273895263672
Middle income,,1988,69.70355987548828
Middle income,,1989,70.29107666015625
Middle income,,1990,70.5949478149414
Middle income,,1991,71.36144256591797
Middle income,,1992,72.0500717163086
Middle income,,1993,72.63796997070312
Middle income,,1994,73.1961669921875
Middle income,,1995,73.7520523071289
Middle income,,1996,74.30339813232422
Middle income,,1997,76.99299621582031
Middle income,,1998,78.5722427368164
Middle income,,1999,78.98827362060547
Middle income,,2000,79.17662048339844
Middle income,,2001,79.56095123291016
Middle income,,2002,80.02049255371094
Middle income,,2003,80.70118713378906
Middle income,,2004,81.15908813476562
Middle income,,2005,81.16108703613281
Middle income,,2006,81.61647033691406
Middle income,,2007,81.94612884521484
Middle income,,2008,82.57232666015625
Middle income,,2009,82.96507263183594
Middle income,,2010,83.53067779541016
Middle income,,2011,83.6968765258789
Middle income,,2012,84.2653579711914
Middle income,,2013,84.47998809814453
Middle income,,2014,84.99931335449219
Middle income,,2015,85.2175521850586
Middle income,,2016,85.77729034423828
Middle income,,2017,86.05455017089844
Middle income,,2018,86.08866119384766
Middle income,,2019,86.3962631225586
Middle income,,2020,86.67131042480469
Moldova,MDA,1989,96.37754821777344
Moldova,MDA,2000,96.65380096435547
Moldova,MDA,2014,99.35989379882812
Mongolia,MNG,2000,97.76885223388672
Mongolia,MNG,2010,98.25700378417969
Mongolia,MNG,2018,98.4231185913086
Mongolia,MNG,2020,99.18327331542969
Montenegro,MNE,1981,89.63529968261719
Montenegro,MNE,1991,93.46273803710938
Montenegro,MNE,2003,97.7734603881836
Montenegro,MNE,2011,98.44220733642578
Montenegro,MNE,2018,98.84718322753906
Morocco,MAR,1982,30.25779914855957
Morocco,MAR,1994,41.59410858154297
Morocco,MAR,2004,52.30625915527344
Morocco,MAR,2008,55.147918701171875
Morocco,MAR,2009,56.08367156982422
Morocco,MAR,2011,67.08415985107422
Morocco,MAR,2012,69.4253921508789
Morocco,MAR,2014,75.58619689941406
Morocco,MAR,2018,73.75000762939453
Mozambique,MOZ,1980,26.997709274291992
Mozambique,MOZ,1997,38.70787811279297
Mozambique,MOZ,2003,48.15884017944336
Mozambique,MOZ,2009,50.58380889892578
Mozambique,MOZ,2015,56.03900146484375
Mozambique,MOZ,2017,60.65542984008789
Myanmar,MMR,1983,78.5704116821289
Myanmar,MMR,2000,89.94175720214844
Myanmar,MMR,2016,75.55120086669922
Myanmar,MMR,2019,89.0699462890625
Namibia,NAM,1991,75.81658172607422
Namibia,NAM,2001,84.94425964355469
Namibia,NAM,2007,76.48658752441406
Namibia,NAM,2011,88.27462768554688
Namibia,NAM,2018,91.52726745605469
Nepal,NPL,1981,20.57366943359375
Nepal,NPL,1991,32.975589752197266
Nepal,NPL,2001,48.608970642089844
Nepal,NPL,2011,59.62725067138672
Nepal,NPL,2018,67.90843200683594
New Caledonia,NCL,1976,91.30036926269531
New Caledonia,NCL,1989,93.08062744140625
New Caledonia,NCL,1996,96.1379165649414
New Caledonia,NCL,2014,97.80000305175781
Nicaragua,NIC,2001,76.67713165283203
Nicaragua,NIC,2005,78.00298309326172
Nicaragua,NIC,2015,82.61454772949219
Niger,NER,2001,14.3760404586792
Niger,NER,2005,28.672420501708984
Niger,NER,2012,30.56039047241211
Niger,NER,2018,35.04999923706055
Nigeria,NGA,1991,55.44675064086914
Nigeria,NGA,2003,54.77317810058594
Nigeria,NGA,2006,70.19834899902344
Nigeria,NGA,2008,51.077659606933594
Nigeria,NGA,2018,62.01601028442383
North Korea,PRK,2008,99.9981918334961
North Macedonia,MKD,1994,94.05874633789062
North Macedonia,MKD,2002,96.1289291381836
North Macedonia,MKD,2014,97.80000305175781
North Macedonia,MKD,2020,98.36357116699219
Oman,OMN,2003,81.36331176757812
Oman,OMN,2008,86.62113952636719
Oman,OMN,2010,86.93900299072266
Oman,OMN,2014,91.981201171875
Oman,OMN,2015,93.03861236572266
Oman,OMN,2016,94.89998626708984
Oman,OMN,2017,95.57599639892578
Oman,OMN,2018,95.65152740478516
Pakistan,PAK,1981,25.725189208984375
Pakistan,PAK,1998,42.699310302734375
Pakistan,PAK,2005,49.87363815307617
Pakistan,PAK,2006,54.15121078491211
Pakistan,PAK,2007,52.1368293762207
Pakistan,PAK,2008,55.526371002197266
Pakistan,PAK,2009,54.89263916015625
Pakistan,PAK,2010,55.37519073486328
Pakistan,PAK,2011,54.73802185058594
Pakistan,PAK,2012,56.764339447021484
Pakistan,PAK,2013,55.59498977661133
Pakistan,PAK,2014,56.977149963378906
Pakistan,PAK,2017,59.132049560546875
Pakistan,PAK,2018,57.01057052612305
Pakistan,PAK,2019,57.99885940551758
Palau,PLW,1980,91.92141723632812
Palau,PLW,2013,99.50312805175781
Palau,PLW,2015,96.59374237060547
Palestine,PSE,1997,86.07695770263672
Palestine,PSE,2004,92.47750854492188
Palestine,PSE,2006,93.45086669921875
Palestine,PSE,2007,93.76170349121094
Palestine,PSE,2008,94.00984191894531
Palestine,PSE,2009,94.43018341064453
Palestine,PSE,2010,94.71748352050781
Palestine,PSE,2011,95.02581787109375
Palestine,PSE,2012,95.67101287841797
Palestine,PSE,2013,96.04602813720703
Palestine,PSE,2014,96.21292877197266
Palestine,PSE,2015,96.47711944580078
Palestine,PSE,2016,96.71919250488281
Palestine,PSE,2017,96.92440032958984
Palestine,PSE,2018,97.21861267089844
Palestine,PSE,2019,97.37825775146484
Palestine,PSE,2020,97.51445770263672
Panama,PAN,1980,88.07173919677734
Panama,PAN,1990,88.77986145019531
Panama,PAN,2000,91.89962005615234
Panama,PAN,2010,94.0941162109375
Panama,PAN,2018,95.41181182861328
Panama,PAN,2019,95.73607635498047
Papua New Guinea,PNG,2000,57.34326171875
Papua New Guinea,PNG,2010,61.599998474121094
Paraguay,PRY,1982,78.45861053466797
Paraguay,PRY,1992,90.27182006835938
Paraguay,PRY,2007,94.55821990966797
Paraguay,PRY,2008,93.29208374023438
Paraguay,PRY,2009,93.75424194335938
Paraguay,PRY,2010,93.87091827392578
Paraguay,PRY,2012,94.19747161865234
Paraguay,PRY,2013,95.05903625488281
Paraguay,PRY,2014,95.0348129272461
Paraguay,PRY,2015,95.55484008789062
Paraguay,PRY,2016,94.65023803710938
Paraguay,PRY,2018,94.02079772949219
Paraguay,PRY,2019,93.21353149414062
Paraguay,PRY,2020,94.54454803466797
Peru,PER,1981,81.91845703125
Peru,PER,1993,87.15062713623047
Peru,PER,2004,87.66985321044922
Peru,PER,2005,87.9086685180664
Peru,PER,2006,88.6993408203125
Peru,PER,2007,89.59081268310547
Peru,PER,2012,93.84172821044922
Peru,PER,2014,93.70794677734375
Peru,PER,2015,94.16233825683594
Peru,PER,2016,94.17366790771484
Peru,PER,2017,94.14961242675781
Peru,PER,2018,94.40827178955078
Peru,PER,2020,94.49793243408203
Philippines,PHL,1980,83.31723022460938
Philippines,PHL,1990,93.57389831542969
Philippines,PHL,1994,93.91596984863281
Philippines,PHL,2000,92.60005950927734
Philippines,PHL,2003,92.59069061279297
Philippines,PHL,2008,95.42009735107422
Philippines,PHL,2013,96.39800262451172
Philippines,PHL,2015,98.18254852294922
Philippines,PHL,2019,96.27816772460938
Poland,POL,1978,98.74273681640625
Poland,POL,1988,98.74273681640625
Poland,POL,1998,98.74273681640625
Poland,POL,2008,98.74273681640625
Portugal,PRT,1981,79.43560791015625
Portugal,PRT,1991,87.9478530883789
Portugal,PRT,2011,94.47705078125
Portugal,PRT,2018,96.13758850097656
Puerto Rico,PRI,1980,86.74606323242188
Puerto Rico,PRI,1990,89.62249755859375
Puerto Rico,PRI,2010,91.9652328491211
Puerto Rico,PRI,2017,92.38999938964844
Qatar,QAT,1986,75.63504028320312
Qatar,QAT,1997,83.26216125488281
Qatar,QAT,2004,86.73161315917969
Qatar,QAT,2007,90.06062316894531
Qatar,QAT,2008,91.01075744628906
Qatar,QAT,2009,91.15142059326172
Qatar,QAT,2010,91.77884674072266
Qatar,QAT,2011,91.36408233642578
Qatar,QAT,2012,90.17005920410156
Qatar,QAT,2013,90.63298797607422
Qatar,QAT,2014,91.32721710205078
Qatar,QAT,2016,93.14530181884766
Qatar,QAT,2017,93.4639663696289
Romania,ROU,1992,96.70997619628906
Romania,ROU,2002,97.29759216308594
Romania,ROU,2011,98.60428619384766
Romania,ROU,2018,98.84449768066406
Russia,RUS,1989,97.98605346679688
Russia,RUS,2002,99.44097137451172
Russia,RUS,2010,99.68427276611328
Russia,RUS,2018,99.73005676269531
Rwanda,RWA,1978,38.243431091308594
Rwanda,RWA,1991,57.85348892211914
Rwanda,RWA,2000,64.88860321044922
Rwanda,RWA,2010,65.8522720336914
Rwanda,RWA,2012,68.3310317993164
Rwanda,RWA,2014,70.80413055419922
Rwanda,RWA,2018,73.21559143066406
Saint Vincent and the Grenadines,VCT,1970,95.63215637207031
Samoa,WSM,1991,97.94432830810547
Samoa,WSM,2011,98.97325897216797
Samoa,WSM,2018,99.09577178955078
Sao Tome and Principe,STP,1981,57.32426071166992
Sao Tome and Principe,STP,1991,73.24241638183594
Sao Tome and Principe,STP,2001,84.90850830078125
Sao Tome and Principe,STP,2008,69.53639221191406
Sao Tome and Principe,STP,2012,90.14309692382812
Sao Tome and Principe,STP,2018,92.81664276123047
Saudi Arabia,SAU,1992,70.82164764404297
Saudi Arabia,SAU,2000,79.35093688964844
Saudi Arabia,SAU,2004,82.85774230957031
Saudi Arabia,SAU,2013,94.42633819580078
Saudi Arabia,SAU,2017,95.32862854003906
Saudi Arabia,SAU,2020,97.58506774902344
Senegal,SEN,1988,26.868850708007812
Senegal,SEN,2002,39.27524948120117
Senegal,SEN,2006,41.891151428222656
Senegal,SEN,2009,48.036781311035156
Senegal,SEN,2011,51.81454849243164
Senegal,SEN,2013,43.53450012207031
Senegal,SEN,2017,51.900421142578125
Serbia,SRB,2003,96.3972396850586
Serbia,SRB,2011,97.96240997314453
Serbia,SRB,2016,98.84150695800781
Serbia,SRB,2019,99.48252868652344
Seychelles,SYC,1987,84.22921752929688
Seychelles,SYC,1994,87.81114959716797
Seychelles,SYC,2002,91.83645629882812
Seychelles,SYC,2010,93.95423126220703
Seychelles,SYC,2018,95.86770629882812
Sierra Leone,SLE,2004,34.82678985595703
Sierra Leone,SLE,2013,32.426170349121094
Sierra Leone,SLE,2018,43.206329345703125
Singapore,SGP,1980,82.90605163574219
Singapore,SGP,1990,89.09600067138672
Singapore,SGP,2000,92.54940032958984
Singapore,SGP,2010,95.85733032226562
Singapore,SGP,2011,96.18604278564453
Singapore,SGP,2012,96.36978912353516
Singapore,SGP,2013,96.54801940917969
Singapore,SGP,2014,96.71669006347656
Singapore,SGP,2015,96.82549285888672
Singapore,SGP,2016,97.049560546875
Singapore,SGP,2017,97.20221710205078
Singapore,SGP,2018,97.34485626220703
Singapore,SGP,2019,97.47958374023438
Slovenia,SVN,1991,99.52452087402344
Slovenia,SVN,2004,99.69999694824219
Slovenia,SVN,2014,99.69999694824219
Solomon Islands,SLB,1999,76.5999984741211
Solomon Islands,SLB,2009,76.5999984741211
Somalia,SOM,1972,5.4046502113342285
South Africa,ZAF,1980,76.20049285888672
South Africa,ZAF,1996,82.402099609375
South Africa,ZAF,2007,88.71724700927734
South Africa,ZAF,2009,92.89485931396484
South Africa,ZAF,2010,92.8773193359375
South Africa,ZAF,2011,93.10214233398438
South Africa,ZAF,2012,93.7294692993164
South Africa,ZAF,2014,94.13990020751953
South Africa,ZAF,2015,94.367919921875
South Africa,ZAF,2017,87.04666900634766
South Africa,ZAF,2019,95.0229721069336
South Asia,,1975,36.2477912902832
South Asia,,1976,36.26089859008789
South Asia,,1977,36.916099548339844
South Asia,,1978,37.56235885620117
South Asia,,1979,38.18989944458008
South Asia,,1980,38.80672073364258
South Asia,,1981,38.80397033691406
South Asia,,1982,40.03179168701172
South Asia,,1983,40.67823028564453
South Asia,,1984,41.32398986816406
South Asia,,1985,41.97127151489258
South Asia,,1986,42.61491012573242
South Asia,,1987,43.2618293762207
South Asia,,1988,43.99892044067383
South Asia,,1989,44.74946975708008
South Asia,,1990,45.47370910644531
South Asia,,1991,45.856441497802734
South Asia,,1992,47.147708892822266
South Asia,,1993,48.12348937988281
South Asia,,1994,48.89509963989258
South Asia,,1995,49.68326950073242
South Asia,,1996,50.48078918457031
South Asia,,1997,51.28226852416992
South Asia,,1998,56.16218185424805
South Asia,,1999,56.916168212890625
South Asia,,2000,57.68935012817383
South Asia,,2001,58.13003921508789
South Asia,,2002,59.21207809448242
South Asia,,2003,60.10100173950195
South Asia,,2004,60.87245178222656
South Asia,,2005,60.64292907714844
South Asia,,2006,60.8131103515625
South Asia,,2007,61.714481353759766
South Asia,,2008,63.63835144042969
South Asia,,2009,64.33769226074219
South Asia,,2010,66.01901245117188
South Asia,,2011,66.51319122314453
South Asia,,2012,67.26777648925781
South Asia,,2013,68.01310729980469
South Asia,,2014,68.73478698730469
South Asia,,2015,69.6573486328125
South Asia,,2016,70.9991683959961
South Asia,,2017,71.69515228271484
South Asia,,2018,72.24388122558594
South Asia,,2019,72.95144653320312
South Asia,,2020,73.6545181274414
South Korea,KOR,2008,97.9659423828125
South Sudan,SSD,2008,26.831279754638672
South Sudan,SSD,2018,34.52275848388672
Spain,ESP,1981,92.80976867675781
Spain,ESP,1991,96.4949722290039
Spain,ESP,2004,97.16512298583984
Spain,ESP,2005,97.75068664550781
Spain,ESP,2006,97.75213623046875
Spain,ESP,2007,97.9388427734375
Spain,ESP,2008,97.63060760498047
Spain,ESP,2009,97.67926788330078
Spain,ESP,2010,97.7489013671875
Spain,ESP,2011,97.78375244140625
Spain,ESP,2012,97.89453887939453
Spain,ESP,2013,98.07913208007812
Spain,ESP,2014,98.09371948242188
Spain,ESP,2015,98.14325714111328
Spain,ESP,2016,98.2505111694336
Spain,ESP,2018,98.4365005493164
Spain,ESP,2020,98.5944595336914
Sri Lanka,LKA,1981,86.77792358398438
Sri Lanka,LKA,2001,90.68274688720703
Sri Lanka,LKA,2006,90.80883026123047
Sri Lanka,LKA,2008,90.55795288085938
Sri Lanka,LKA,2010,91.18135833740234
Sri Lanka,LKA,2016,92.38690185546875
Sri Lanka,LKA,2017,91.895751953125
Sri Lanka,LKA,2018,91.70982360839844
Sri Lanka,LKA,2019,92.25296020507812
Sub-Saharan Africa,,1985,49.05025100708008
Sub-Saharan Africa,,1986,49.40729904174805
Sub-Saharan Africa,,1987,50.058380126953125
Sub-Saharan Africa,,1988,50.55997085571289
Sub-Saharan Africa,,1989,51.17430114746094
Sub-Saharan Africa,,1990,51.849788665771484
Sub-Saharan Africa,,1991,52.25027847290039
Sub-Saharan Africa,,1992,52.72233963012695
Sub-Saharan Africa,,1993,53.31019973754883
Sub-Saharan Africa,,1994,54.05651092529297
Sub-Saharan Africa,,1995,54.35145950317383
Sub-Saharan Africa,,1996,55.02878189086914
Sub-Saharan Africa,,1997,55.889129638671875
Sub-Saharan Africa,,1998,56.534950256347656
Sub-Saharan Africa,,1999,57.35187911987305
Sub-Saharan Africa,,2000,55.98175811767578
Sub-Saharan Africa,,2001,56.96620178222656
Sub-Saharan Africa,,2002,57.4633903503418
Sub-Saharan Africa,,2003,57.9078483581543
Sub-Saharan Africa,,2004,59.50366973876953
Sub-Saharan Africa,,2005,58.52418899536133
Sub-Saharan Africa,,2006,59.76356887817383
Sub-Saharan Africa,,2007,57.28401184082031
Sub-Saharan Africa,,2008,57.37395095825195
Sub-Saharan Africa,,2009,58.17715072631836
Sub-Saharan Africa,,2010,58.73373031616211
Sub-Saharan Africa,,2011,60.305519104003906
Sub-Saharan Africa,,2012,61.439048767089844
Sub-Saharan Africa,,2013,62.303611755371094
Sub-Saharan Africa,,2014,62.9540901184082
Sub-Saharan Africa,,2015,63.54935836791992
Sub-Saharan Africa,,2016,64.25765991210938
Sub-Saharan Africa,,2017,64.51748657226562
Sub-Saharan Africa,,2018,65.03897857666016
Sub-Saharan Africa,,2019,65.46861267089844
Sub-Saharan Africa,,2020,65.85871887207031
Sudan,SDN,2000,61.34587097167969
Sudan,SDN,2008,53.51737976074219
Sudan,SDN,2018,60.697181701660156
Suriname,SUR,2004,89.59806060791016
Suriname,SUR,2008,94.62094116210938
Suriname,SUR,2010,94.67575073242188
Suriname,SUR,2012,92.86865997314453
Suriname,SUR,2018,94.38327026367188
Syria,SYR,1981,55.65449905395508
Syria,SYR,2002,82.88825225830078
Syria,SYR,2004,80.84452056884766
Tajikistan,TJK,1989,97.69402313232422
Tajikistan,TJK,2000,99.45068359375
Tajikistan,TJK,2014,99.80000305175781
Tanzania,TZA,1988,59.113800048828125
Tanzania,TZA,2002,69.43090057373047
Tanzania,TZA,2010,67.80069732666016
Tanzania,TZA,2012,78.10059356689453
Tanzania,TZA,2015,77.8872299194336
Thailand,THA,1980,87.98175811767578
Thailand,THA,2000,92.64653778076172
Thailand,THA,2005,93.5064697265625
Thailand,THA,2010,96.430908203125
Thailand,THA,2013,93.70207214355469
Thailand,THA,2015,92.8683090209961
Thailand,THA,2018,93.76776123046875
Timor,TLS,2001,37.599998474121094
Timor,TLS,2007,50.599998474121094
Timor,TLS,2010,58.30897903442383
Timor,TLS,2018,68.06683349609375
Togo,TGO,2000,53.1776008605957
Togo,TGO,2006,56.888370513916016
Togo,TGO,2009,57.093379974365234
Togo,TGO,2011,60.40993881225586
Togo,TGO,2015,63.74562072753906
Togo,TGO,2019,66.53707885742188
Tonga,TON,1976,99.59246063232422
Tonga,TON,1996,98.9053726196289
Tonga,TON,2006,99.01846313476562
Tonga,TON,2011,99.38552856445312
Tonga,TON,2018,99.41436767578125
Trinidad and Tobago,TTO,1980,94.97032165527344
Trinidad and Tobago,TTO,1990,96.93855285644531
Trinidad and Tobago,TTO,2000,97.9000015258789
Trinidad and Tobago,TTO,2010,98.69999694824219
Tunisia,TUN,1984,48.19070053100586
Tunisia,TUN,2004,74.2969970703125
Tunisia,TUN,2007,77.19039916992188
Tunisia,TUN,2008,77.7146224975586
Tunisia,TUN,2010,79.13057708740234
Tunisia,TUN,2011,79.6539077758789
Tunisia,TUN,2012,80.21875
Tunisia,TUN,2014,79.03643035888672
Turkey,TUR,1975,61.627681732177734
Turkey,TUR,1980,65.69434356689453
Turkey,TUR,1985,75.9682388305664
Turkey,TUR,1990,79.23245239257812
Turkey,TUR,2004,87.36549377441406
Turkey,TUR,2005,88.22905731201172
Turkey,TUR,2006,88.11939239501953
Turkey,TUR,2007,88.65589904785156
Turkey,TUR,2009,90.81671905517578
Turkey,TUR,2010,92.66059875488281
Turkey,TUR,2011,94.10608673095703
Turkey,TUR,2012,94.91974639892578
Turkey,TUR,2013,95.25666046142578
Turkey,TUR,2014,95.43962860107422
Turkey,TUR,2015,95.6014175415039
Turkey,TUR,2016,96.16732788085938
Turkey,TUR,2017,96.15052795410156
Turkey,TUR,2019,96.7422103881836
Turkmenistan,TKM,1995,98.7783203125
Turkmenistan,TKM,2014,99.69999694824219
Uganda,UGA,1991,56.10737991333008
Uganda,UGA,2002,68.14250946044922
Uganda,UGA,2006,71.37313842773438
Uganda,UGA,2010,73.21188354492188
Uganda,UGA,2012,70.1982192993164
Uganda,UGA,2018,76.52749633789062
Ukraine,UKR,2001,99.43041229248047
Ukraine,UKR,2012,99.97434997558594
United Arab Emirates,ARE,1975,53.5148811340332
United Arab Emirates,ARE,1985,71.23529815673828
United Arab Emirates,ARE,2005,90.03385162353516
United Arab Emirates,ARE,2019,97.55692291259766
Upper middle income,,1976,69.21488189697266
Upper middle income,,1977,69.38352966308594
Upper middle income,,1978,70.22801971435547
Upper middle income,,1979,71.0425033569336
Upper middle income,,1980,71.47511291503906
Upper middle income,,1981,72.68360137939453
Upper middle income,,1982,73.31934356689453
Upper middle income,,1983,74.31526947021484
Upper middle income,,1984,75.22197723388672
Upper middle income,,1985,76.00666809082031
Upper middle income,,1986,76.74442291259766
Upper middle income,,1987,77.5530776977539
Upper middle income,,1988,80.87029266357422
Upper middle income,,1989,81.44326782226562
Upper middle income,,1990,81.5737533569336
Upper middle income,,1991,82.63585662841797
Upper middle income,,1992,83.1801528930664
Upper middle income,,1993,83.71356964111328
Upper middle income,,1994,84.2217025756836
Upper middle income,,1995,84.77519989013672
Upper middle income,,1996,85.2413330078125
Upper middle income,,1997,89.52469635009766
Upper middle income,,1998,89.92115783691406
Upper middle income,,1999,90.2680435180664
Upper middle income,,2000,90.58653259277344
Upper middle income,,2001,90.97035217285156
Upper middle income,,2002,91.19953918457031
Upper middle income,,2003,91.73465728759766
Upper middle income,,2004,92.01931762695312
Upper middle income,,2005,92.38861083984375
Upper middle income,,2006,92.65444946289062
Upper middle income,,2007,93.50337219238281
Upper middle income,,2008,93.73737335205078
Upper middle income,,2009,94.0057601928711
Upper middle income,,2010,94.14791870117188
Upper middle income,,2011,94.37332916259766
Upper middle income,,2012,94.7850112915039
Upper middle income,,2013,94.8418197631836
Upper middle income,,2014,95.25861358642578
Upper middle income,,2015,95.09961700439453
Upper middle income,,2016,95.6237564086914
Upper middle income,,2017,95.67085266113281
Upper middle income,,2018,95.45144653320312
Upper middle income,,2019,95.6483383178711
Upper middle income,,2020,95.79682159423828
Uruguay,URY,1975,93.86106872558594
Uruguay,URY,1985,95.3799819946289
Uruguay,URY,1996,96.78180694580078
Uruguay,URY,2006,97.78962707519531
Uruguay,URY,2007,97.8638916015625
Uruguay,URY,2008,98.16355895996094
Uruguay,URY,2009,98.26722717285156
Uruguay,URY,2010,98.07270812988281
Uruguay,URY,2011,98.33589935302734
Uruguay,URY,2012,98.39594268798828
Uruguay,URY,2013,98.3638687133789
Uruguay,URY,2014,98.43592834472656
Uruguay,URY,2015,98.52387237548828
Uruguay,URY,2016,98.56147003173828
Uruguay,URY,2017,98.61572265625
Uruguay,URY,2018,98.703857421875
Uruguay,URY,2019,98.77034759521484
Uzbekistan,UZB,2000,98.642578125
Uzbekistan,UZB,2013,99.99485778808594
Uzbekistan,UZB,2014,99.98055267333984
Uzbekistan,UZB,2015,99.98383331298828
Uzbekistan,UZB,2016,99.986572265625
Uzbekistan,UZB,2018,99.99288940429688
Uzbekistan,UZB,2019,99.99994659423828
Vanuatu,VUT,1979,52.87392044067383
Vanuatu,VUT,1984,58.20000076293945
Vanuatu,VUT,1994,68.69999694824219
Vanuatu,VUT,1999,74
Vanuatu,VUT,2004,78.4000015258789
Vanuatu,VUT,2014,84.69999694824219
Vanuatu,VUT,2018,87.50630950927734
Venezuela,VEN,1981,84.7322006225586
Venezuela,VEN,1990,89.82524871826172
Venezuela,VEN,2001,92.97982788085938
Venezuela,VEN,2007,95.1546401977539
Venezuela,VEN,2009,95.51199340820312
Venezuela,VEN,2011,94.77021789550781
Venezuela,VEN,2015,96.60521697998047
Venezuela,VEN,2016,97.12709045410156
Vietnam,VNM,1979,83.82594299316406
Vietnam,VNM,1989,87.59645080566406
Vietnam,VNM,1999,90.2782974243164
Vietnam,VNM,2000,90.1561279296875
Vietnam,VNM,2009,93.52044677734375
Vietnam,VNM,2019,95.75386810302734
World,OWID_WRL,1976,66.91512298583984
World,OWID_WRL,1977,67.10687255859375
World,OWID_WRL,1978,67.5801773071289
World,OWID_WRL,1979,68.03115844726562
World,OWID_WRL,1980,68.31707000732422
World,OWID_WRL,1981,68.87568664550781
World,OWID_WRL,1982,69.38105010986328
World,OWID_WRL,1983,69.9242172241211
World,OWID_WRL,1984,70.45529174804688
World,OWID_WRL,1985,70.93419647216797
World,OWID_WRL,1986,71.37555694580078
World,OWID_WRL,1987,71.96198272705078
World,OWID_WRL,1988,73.6612319946289
World,OWID_WRL,1989,74.09586334228516
World,OWID_WRL,1990,74.31614685058594
World,OWID_WRL,1991,74.87671661376953
World,OWID_WRL,1992,75.32282257080078
World,OWID_WRL,1993,75.75018310546875
World,OWID_WRL,1994,76.17237091064453
World,OWID_WRL,1995,76.58119201660156
World,OWID_WRL,1996,76.99568939208984
World,OWID_WRL,1997,79.02835083007812
World,OWID_WRL,1998,80.20594787597656
World,OWID_WRL,1999,80.54926300048828
World,OWID_WRL,2000,80.67543029785156
World,OWID_WRL,2001,80.99337005615234
World,OWID_WRL,2002,81.39530944824219
World,OWID_WRL,2003,81.92431640625
World,OWID_WRL,2004,82.34432983398438
World,OWID_WRL,2005,82.26029968261719
World,OWID_WRL,2006,82.52599334716797
World,OWID_WRL,2007,82.81675720214844
World,OWID_WRL,2008,83.33973693847656
World,OWID_WRL,2009,83.62332916259766
World,OWID_WRL,2010,84.0216293334961
World,OWID_WRL,2011,84.28376770019531
World,OWID_WRL,2012,84.72968292236328
World,OWID_WRL,2013,84.93171691894531
World,OWID_WRL,2014,85.36060333251953
World,OWID_WRL,2015,85.54232025146484
World,OWID_WRL,2016,85.98551177978516
World,OWID_WRL,2017,86.22016143798828
World,OWID_WRL,2018,86.24694061279297
World,OWID_WRL,2019,86.47830200195312
World,OWID_WRL,2020,86.68221282958984
Yemen,YEM,1994,37.09000015258789
Yemen,YEM,2004,54.099998474121094
Zambia,ZMB,1990,64.99828338623047
Zambia,ZMB,1999,68.00179290771484
Zambia,ZMB,2002,69.14922332763672
Zambia,ZMB,2007,61.12709045410156
Zambia,ZMB,2010,83.0076675415039
Zambia,ZMB,2018,86.74796295166016
Zimbabwe,ZWE,1982,77.7941665649414
Zimbabwe,ZWE,1992,83.51258087158203
Zimbabwe,ZWE,2011,83.58271026611328
Zimbabwe,ZWE,2014,88.69342041015625